{"v":"5.5.6","fr":60,"ip":0,"op":60,"w":130,"h":130,"nm":"合成 1","ddd":0,"assets":[],"layers":[{"ddd":0,"ind":1,"ty":4,"nm":"装饰三角 4","sr":1,"ks":{"o":{"a":1,"k":[{"i":{"x":[0.833],"y":[0.833]},"o":{"x":[0.167],"y":[0.167]},"t":26,"s":[100]},{"t":55,"s":[0]}],"ix":11},"r":{"a":1,"k":[{"i":{"x":[0.667],"y":[1]},"o":{"x":[0.333],"y":[0]},"t":2,"s":[0]},{"i":{"x":[0.667],"y":[1]},"o":{"x":[0.333],"y":[0]},"t":10,"s":[60]},{"t":55,"s":[160]}],"ix":10},"p":{"a":1,"k":[{"i":{"x":0.667,"y":1},"o":{"x":0.333,"y":0},"t":2,"s":[65.28042857142859,53.149571428571434,0],"to":[-0.943,-1.132,0],"ti":[0.932,-0.512,0]},{"i":{"x":0.667,"y":0.407},"o":{"x":0.333,"y":0},"t":10,"s":[54.77085714285714,40.539571428571435,0],"to":[-0.04,0.022,0],"ti":[0.473,0.362,0]},{"t":55,"s":[34.385000000000005,22.918999999999997,0]}],"ix":2},"a":{"a":0,"k":[-1.39,0.016,0],"ix":1},"s":{"a":0,"k":[185.71428571428572,185.71428571428572,100],"ix":6}},"ao":0,"shapes":[{"ty":"gr","it":[{"ty":"sr","sy":2,"d":1,"pt":{"a":0,"k":3,"ix":3},"p":{"a":0,"k":[0,0],"ix":4},"r":{"a":0,"k":114.595,"ix":5},"or":{"a":0,"k":3,"ix":7},"os":{"a":0,"k":0,"ix":9},"ix":1,"nm":"多边星形路径 1","mn":"ADBE Vector Shape - Star","hd":false},{"ty":"st","c":{"a":0,"k":[0,0.829503893852,1,1],"ix":3},"o":{"a":0,"k":100,"ix":4},"w":{"a":0,"k":0.5,"ix":5},"lc":1,"lj":1,"ml":4,"bm":0,"nm":"描边 1","mn":"ADBE Vector Graphic - Stroke","hd":false},{"ty":"tr","p":{"a":0,"k":[-1.5,0.5],"ix":2},"a":{"a":0,"k":[0,0],"ix":1},"s":{"a":0,"k":[100,100],"ix":3},"r":{"a":0,"k":0,"ix":6},"o":{"a":0,"k":100,"ix":7},"sk":{"a":0,"k":0,"ix":4},"sa":{"a":0,"k":0,"ix":5},"nm":"变换"}],"nm":"多边星形 1","np":3,"cix":2,"bm":0,"ix":1,"mn":"ADBE Vector Group","hd":false}],"ip":2,"op":83,"st":2,"bm":0},{"ddd":0,"ind":2,"ty":4,"nm":"装饰三角 5","sr":1,"ks":{"o":{"a":1,"k":[{"i":{"x":[0.833],"y":[0.833]},"o":{"x":[0.167],"y":[0.167]},"t":26,"s":[100]},{"t":55,"s":[0]}],"ix":11},"r":{"a":1,"k":[{"i":{"x":[0.667],"y":[1]},"o":{"x":[0.333],"y":[0]},"t":2,"s":[0]},{"i":{"x":[0.667],"y":[1]},"o":{"x":[0.333],"y":[0]},"t":10,"s":[60]},{"t":55,"s":[160]}],"ix":10},"p":{"a":1,"k":[{"i":{"x":0.667,"y":1},"o":{"x":0.333,"y":0},"t":2,"s":[76.44928571428572,64.70471428571429,0],"to":[1.343,1.192,0],"ti":[-0.832,-0.663,0]},{"i":{"x":0.667,"y":1},"o":{"x":0.333,"y":0},"t":10,"s":[91.40857142857143,77.987,0],"to":[9.444,7.531,0],"ti":[-0.238,-0.016,0]},{"t":55,"s":[105.638,90.24042857142857,0]}],"ix":2},"a":{"a":0,"k":[-1.39,0.016,0],"ix":1},"s":{"a":0,"k":[185.71428571428572,185.71428571428572,100],"ix":6}},"ao":0,"shapes":[{"ty":"gr","it":[{"ty":"sr","sy":2,"d":1,"pt":{"a":0,"k":3,"ix":3},"p":{"a":0,"k":[0,0],"ix":4},"r":{"a":0,"k":114.595,"ix":5},"or":{"a":0,"k":3,"ix":7},"os":{"a":0,"k":0,"ix":9},"ix":1,"nm":"多边星形路径 1","mn":"ADBE Vector Shape - Star","hd":false},{"ty":"st","c":{"a":0,"k":[1,0,0.332812488079,1],"ix":3},"o":{"a":0,"k":100,"ix":4},"w":{"a":0,"k":0.5,"ix":5},"lc":1,"lj":1,"ml":4,"bm":0,"nm":"描边 1","mn":"ADBE Vector Graphic - Stroke","hd":false},{"ty":"tr","p":{"a":0,"k":[-1.5,0.5],"ix":2},"a":{"a":0,"k":[0,0],"ix":1},"s":{"a":0,"k":[100,100],"ix":3},"r":{"a":0,"k":0,"ix":6},"o":{"a":0,"k":100,"ix":7},"sk":{"a":0,"k":0,"ix":4},"sa":{"a":0,"k":0,"ix":5},"nm":"变换"}],"nm":"多边星形 1","np":3,"cix":2,"bm":0,"ix":1,"mn":"ADBE Vector Group","hd":false}],"ip":2,"op":83,"st":2,"bm":0},{"ddd":0,"ind":3,"ty":4,"nm":"装饰圆 3","sr":1,"ks":{"o":{"a":1,"k":[{"i":{"x":[0.833],"y":[0.833]},"o":{"x":[0.167],"y":[0.167]},"t":26,"s":[100]},{"t":55,"s":[0]}],"ix":11},"r":{"a":0,"k":30.556,"ix":10},"p":{"a":1,"k":[{"i":{"x":0.667,"y":1},"o":{"x":0.333,"y":0},"t":2,"s":[71.70614285714285,68.83128571428571,0],"to":[0.829,1.844,0],"ti":[-0.642,-2.46,0]},{"i":{"x":0.667,"y":1},"o":{"x":0.333,"y":0},"t":10,"s":[80.94542857142856,89.375,0],"to":[0.421,1.613,0],"ti":[0,0,0]},{"t":55,"s":[88.959,106.49042857142857,0]}],"ix":2},"a":{"a":0,"k":[2.298,-4.702,0],"ix":1},"s":{"a":0,"k":[185.71428571428572,185.71428571428572,100],"ix":6}},"ao":0,"shapes":[{"ty":"gr","it":[{"d":1,"ty":"el","s":{"a":0,"k":[4,4],"ix":2},"p":{"a":0,"k":[0,0],"ix":3},"nm":"椭圆路径 1","mn":"ADBE Vector Shape - Ellipse","hd":false},{"ty":"st","c":{"a":0,"k":[0,0.445955663919,1,1],"ix":3},"o":{"a":0,"k":100,"ix":4},"w":{"a":0,"k":0.5,"ix":5},"lc":1,"lj":1,"ml":4,"bm":0,"nm":"描边 1","mn":"ADBE Vector Graphic - Stroke","hd":false},{"ty":"tr","p":{"a":0,"k":[2.298,-4.702],"ix":2},"a":{"a":0,"k":[0,0],"ix":1},"s":{"a":0,"k":[100,100],"ix":3},"r":{"a":0,"k":0,"ix":6},"o":{"a":0,"k":100,"ix":7},"sk":{"a":0,"k":0,"ix":4},"sa":{"a":0,"k":0,"ix":5},"nm":"变换"}],"nm":"椭圆 1","np":3,"cix":2,"bm":0,"ix":1,"mn":"ADBE Vector Group","hd":false}],"ip":2,"op":83,"st":2,"bm":0},{"ddd":0,"ind":4,"ty":4,"nm":"装饰三角 3","sr":1,"ks":{"o":{"a":1,"k":[{"i":{"x":[0.833],"y":[0.833]},"o":{"x":[0.167],"y":[0.167]},"t":26,"s":[100]},{"t":55,"s":[0]}],"ix":11},"r":{"a":1,"k":[{"i":{"x":[0.667],"y":[1]},"o":{"x":[0.333],"y":[0]},"t":2,"s":[0]},{"i":{"x":[0.667],"y":[1]},"o":{"x":[0.333],"y":[0]},"t":10,"s":[60]},{"t":55,"s":[160]}],"ix":10},"p":{"a":1,"k":[{"i":{"x":0.667,"y":1},"o":{"x":0.333,"y":0},"t":2,"s":[76.44928571428572,64.70471428571429,0],"to":[1.343,1.192,0],"ti":[-0.832,-0.663,0]},{"i":{"x":0.667,"y":1},"o":{"x":0.333,"y":0},"t":10,"s":[91.40857142857143,77.987,0],"to":[9.444,7.531,0],"ti":[-0.238,-0.016,0]},{"t":55,"s":[105.638,90.24042857142857,0]}],"ix":2},"a":{"a":0,"k":[-1.39,0.016,0],"ix":1},"s":{"a":0,"k":[185.71428571428572,185.71428571428572,100],"ix":6}},"ao":0,"shapes":[{"ty":"gr","it":[{"ty":"sr","sy":2,"d":1,"pt":{"a":0,"k":3,"ix":3},"p":{"a":0,"k":[0,0],"ix":4},"r":{"a":0,"k":114.595,"ix":5},"or":{"a":0,"k":3,"ix":7},"os":{"a":0,"k":0,"ix":9},"ix":1,"nm":"多边星形路径 1","mn":"ADBE Vector Shape - Star","hd":false},{"ty":"st","c":{"a":0,"k":[0,1,0.993933618069,1],"ix":3},"o":{"a":0,"k":100,"ix":4},"w":{"a":0,"k":0.5,"ix":5},"lc":1,"lj":1,"ml":4,"bm":0,"nm":"描边 1","mn":"ADBE Vector Graphic - Stroke","hd":false},{"ty":"tr","p":{"a":0,"k":[-1.5,0.5],"ix":2},"a":{"a":0,"k":[0,0],"ix":1},"s":{"a":0,"k":[100,100],"ix":3},"r":{"a":0,"k":0,"ix":6},"o":{"a":0,"k":100,"ix":7},"sk":{"a":0,"k":0,"ix":4},"sa":{"a":0,"k":0,"ix":5},"nm":"变换"}],"nm":"多边星形 1","np":3,"cix":2,"bm":0,"ix":1,"mn":"ADBE Vector Group","hd":false}],"ip":2,"op":83,"st":2,"bm":0},{"ddd":0,"ind":5,"ty":4,"nm":"装饰圆 2","sr":1,"ks":{"o":{"a":1,"k":[{"i":{"x":[0.833],"y":[0.833]},"o":{"x":[0.167],"y":[0.167]},"t":26,"s":[100]},{"t":55,"s":[0]}],"ix":11},"r":{"a":0,"k":30.556,"ix":10},"p":{"a":1,"k":[{"i":{"x":0.667,"y":1},"o":{"x":0.333,"y":0},"t":2,"s":[65.28042857142859,76.26171428571428,0],"to":[-1.182,1.177,0],"ti":[1.734,-1.859,0]},{"i":{"x":0.667,"y":1},"o":{"x":0.333,"y":0},"t":10,"s":[52.104000000000006,89.375,0],"to":[-2.204,2.363,0],"ti":[0,0,0]},{"t":55,"s":[41.70399999999999,98.63842857142856,0]}],"ix":2},"a":{"a":0,"k":[2.298,-4.702,0],"ix":1},"s":{"a":0,"k":[185.71428571428572,185.71428571428572,100],"ix":6}},"ao":0,"shapes":[{"ty":"gr","it":[{"d":1,"ty":"el","s":{"a":0,"k":[4,4],"ix":2},"p":{"a":0,"k":[0,0],"ix":3},"nm":"椭圆路径 1","mn":"ADBE Vector Shape - Ellipse","hd":false},{"ty":"st","c":{"a":0,"k":[0,0.831372618675,1,1],"ix":3},"o":{"a":0,"k":100,"ix":4},"w":{"a":0,"k":0.5,"ix":5},"lc":1,"lj":1,"ml":4,"bm":0,"nm":"描边 1","mn":"ADBE Vector Graphic - Stroke","hd":false},{"ty":"tr","p":{"a":0,"k":[2.298,-4.702],"ix":2},"a":{"a":0,"k":[0,0],"ix":1},"s":{"a":0,"k":[100,100],"ix":3},"r":{"a":0,"k":0,"ix":6},"o":{"a":0,"k":100,"ix":7},"sk":{"a":0,"k":0,"ix":4},"sa":{"a":0,"k":0,"ix":5},"nm":"变换"}],"nm":"椭圆 1","np":3,"cix":2,"bm":0,"ix":1,"mn":"ADBE Vector Group","hd":false}],"ip":2,"op":83,"st":2,"bm":0},{"ddd":0,"ind":6,"ty":4,"nm":"装饰三角 2","sr":1,"ks":{"o":{"a":1,"k":[{"i":{"x":[0.833],"y":[0.833]},"o":{"x":[0.167],"y":[0.167]},"t":26,"s":[100]},{"t":55,"s":[0]}],"ix":11},"r":{"a":1,"k":[{"i":{"x":[0.667],"y":[1]},"o":{"x":[0.333],"y":[0]},"t":2,"s":[0]},{"i":{"x":[0.667],"y":[1]},"o":{"x":[0.333],"y":[0]},"t":10,"s":[60]},{"t":55,"s":[160]}],"ix":10},"p":{"a":1,"k":[{"i":{"x":0.667,"y":1},"o":{"x":0.333,"y":0},"t":2,"s":[55.32985714285714,62.64328571428572,0],"to":[-2.199,0.185,0],"ti":[9.071,-0.617,0]},{"i":{"x":0.667,"y":1},"o":{"x":0.333,"y":0},"t":10,"s":[30.82857142857143,64.70471428571429,0],"to":[-2.674,0.182,0],"ti":[1.933,-0.1,0]},{"t":55,"s":[9.285714285714288,65.81528571428572,0]}],"ix":2},"a":{"a":0,"k":[-1.39,0.016,0],"ix":1},"s":{"a":0,"k":[185.71428571428572,185.71428571428572,100],"ix":6}},"ao":0,"shapes":[{"ty":"gr","it":[{"ty":"sr","sy":2,"d":1,"pt":{"a":0,"k":3,"ix":3},"p":{"a":0,"k":[0,0],"ix":4},"r":{"a":0,"k":114.595,"ix":5},"or":{"a":0,"k":3,"ix":7},"os":{"a":0,"k":0,"ix":9},"ix":1,"nm":"多边星形路径 1","mn":"ADBE Vector Shape - Star","hd":false},{"ty":"st","c":{"a":0,"k":[1,0.901011049747,0,1],"ix":3},"o":{"a":0,"k":100,"ix":4},"w":{"a":0,"k":0.5,"ix":5},"lc":1,"lj":1,"ml":4,"bm":0,"nm":"描边 1","mn":"ADBE Vector Graphic - Stroke","hd":false},{"ty":"tr","p":{"a":0,"k":[-1.5,0.5],"ix":2},"a":{"a":0,"k":[0,0],"ix":1},"s":{"a":0,"k":[100,100],"ix":3},"r":{"a":0,"k":0,"ix":6},"o":{"a":0,"k":100,"ix":7},"sk":{"a":0,"k":0,"ix":4},"sa":{"a":0,"k":0,"ix":5},"nm":"变换"}],"nm":"多边星形 1","np":3,"cix":2,"bm":0,"ix":1,"mn":"ADBE Vector Group","hd":false}],"ip":2,"op":83,"st":2,"bm":0},{"ddd":0,"ind":7,"ty":4,"nm":"装饰三角","sr":1,"ks":{"o":{"a":1,"k":[{"i":{"x":[0.833],"y":[0.833]},"o":{"x":[0.167],"y":[0.167]},"t":26,"s":[100]},{"t":55,"s":[0]}],"ix":11},"r":{"a":1,"k":[{"i":{"x":[0.667],"y":[1]},"o":{"x":[0.333],"y":[0]},"t":2,"s":[0]},{"i":{"x":[0.667],"y":[1]},"o":{"x":[0.333],"y":[0]},"t":10,"s":[60]},{"t":55,"s":[160]}],"ix":10},"p":{"a":1,"k":[{"i":{"x":0.667,"y":1},"o":{"x":0.333,"y":0},"t":2,"s":[66.68442857142857,60.011714285714284,0],"to":[1.324,-1.747,0],"ti":[-2.52,3.329,0]},{"i":{"x":0.667,"y":1},"o":{"x":0.333,"y":0},"t":10,"s":[81.43571428571428,40.539571428571435,0],"to":[2.52,-3.329,0],"ti":[-1.196,1.581,0]},{"t":55,"s":[94.76071428571427,22.918999999999997,0]}],"ix":2},"a":{"a":0,"k":[-1.39,0.016,0],"ix":1},"s":{"a":0,"k":[185.71428571428572,185.71428571428572,100],"ix":6}},"ao":0,"shapes":[{"ty":"gr","it":[{"ty":"sr","sy":2,"d":1,"pt":{"a":0,"k":3,"ix":3},"p":{"a":0,"k":[0,0],"ix":4},"r":{"a":0,"k":114.595,"ix":5},"or":{"a":0,"k":3,"ix":7},"os":{"a":0,"k":0,"ix":9},"ix":1,"nm":"多边星形路径 1","mn":"ADBE Vector Shape - Star","hd":false},{"ty":"st","c":{"a":0,"k":[1,0.901011049747,0,1],"ix":3},"o":{"a":0,"k":100,"ix":4},"w":{"a":0,"k":0.5,"ix":5},"lc":1,"lj":1,"ml":4,"bm":0,"nm":"描边 1","mn":"ADBE Vector Graphic - Stroke","hd":false},{"ty":"tr","p":{"a":0,"k":[-1.5,0.5],"ix":2},"a":{"a":0,"k":[0,0],"ix":1},"s":{"a":0,"k":[100,100],"ix":3},"r":{"a":0,"k":0,"ix":6},"o":{"a":0,"k":100,"ix":7},"sk":{"a":0,"k":0,"ix":4},"sa":{"a":0,"k":0,"ix":5},"nm":"变换"}],"nm":"多边星形 1","np":3,"cix":2,"bm":0,"ix":1,"mn":"ADBE Vector Group","hd":false}],"ip":2,"op":83,"st":2,"bm":0},{"ddd":0,"ind":8,"ty":4,"nm":"装饰圆","sr":1,"ks":{"o":{"a":1,"k":[{"i":{"x":[0.833],"y":[0.833]},"o":{"x":[0.167],"y":[0.167]},"t":26,"s":[100]},{"t":55,"s":[0]}],"ix":11},"r":{"a":0,"k":30.556,"ix":10},"p":{"a":1,"k":[{"i":{"x":0.667,"y":1},"o":{"x":0.333,"y":0},"t":2,"s":[61.94128571428572,64.13828571428571,0],"to":[2.604,-0.566,0],"ti":[-2.441,0.71,0]},{"i":{"x":0.667,"y":1},"o":{"x":0.333,"y":0},"t":10,"s":[90.95542857142857,57.835142857142856,0],"to":[3.046,-0.887,0],"ti":[0,0,0]},{"t":55,"s":[121.64657142857142,50.75571428571429,0]}],"ix":2},"a":{"a":0,"k":[2.298,-4.702,0],"ix":1},"s":{"a":0,"k":[185.71428571428572,185.71428571428572,100],"ix":6}},"ao":0,"shapes":[{"ty":"gr","it":[{"d":1,"ty":"el","s":{"a":0,"k":[4,4],"ix":2},"p":{"a":0,"k":[0,0],"ix":3},"nm":"椭圆路径 1","mn":"ADBE Vector Shape - Ellipse","hd":false},{"ty":"st","c":{"a":0,"k":[0.831372618675,0.168627455831,0.4392157197,1],"ix":3},"o":{"a":0,"k":100,"ix":4},"w":{"a":0,"k":0.5,"ix":5},"lc":1,"lj":1,"ml":4,"bm":0,"nm":"描边 1","mn":"ADBE Vector Graphic - Stroke","hd":false},{"ty":"tr","p":{"a":0,"k":[2.298,-4.702],"ix":2},"a":{"a":0,"k":[0,0],"ix":1},"s":{"a":0,"k":[100,100],"ix":3},"r":{"a":0,"k":0,"ix":6},"o":{"a":0,"k":100,"ix":7},"sk":{"a":0,"k":0,"ix":4},"sa":{"a":0,"k":0,"ix":5},"nm":"变换"}],"nm":"椭圆 1","np":3,"cix":2,"bm":0,"ix":1,"mn":"ADBE Vector Group","hd":false}],"ip":2,"op":83,"st":2,"bm":0},{"ddd":0,"ind":9,"ty":4,"nm":"亮片","sr":1,"ks":{"o":{"a":1,"k":[{"i":{"x":[0.667],"y":[1]},"o":{"x":[0.333],"y":[0]},"t":8,"s":[0]},{"t":9,"s":[100]}],"ix":11},"r":{"a":0,"k":-45,"ix":10},"p":{"a":1,"k":[{"i":{"x":0.667,"y":1},"o":{"x":0.333,"y":0},"t":9,"s":[45.082142857142856,44.56585714285714,0],"to":[3.786,2.87,0],"ti":[-3.786,-2.87,0]},{"t":34,"s":[87.26714285714286,76.544,0]}],"ix":2},"a":{"a":0,"k":[0.773,-1.319,0],"ix":1},"s":{"a":0,"k":[278.57142857142856,278.57142857142856,100],"ix":6}},"ao":0,"shapes":[{"ty":"gr","it":[{"ty":"rc","d":1,"s":{"a":0,"k":[30.545,4.362],"ix":2},"p":{"a":0,"k":[0,0],"ix":3},"r":{"a":0,"k":0,"ix":4},"nm":"矩形路径 1","mn":"ADBE Vector Shape - Rect","hd":false},{"ty":"fl","c":{"a":0,"k":[1,1,1,1],"ix":4},"o":{"a":0,"k":30,"ix":5},"r":1,"bm":0,"nm":"填充 1","mn":"ADBE Vector Graphic - Fill","hd":false},{"ty":"tr","p":{"a":0,"k":[0.773,-1.319],"ix":2},"a":{"a":0,"k":[0,0],"ix":1},"s":{"a":0,"k":[100,100],"ix":3},"r":{"a":0,"k":0,"ix":6},"o":{"a":0,"k":100,"ix":7},"sk":{"a":0,"k":0,"ix":4},"sa":{"a":0,"k":0,"ix":5},"nm":"变换"}],"nm":"矩形 1","np":3,"cix":2,"bm":0,"ix":1,"mn":"ADBE Vector Group","hd":false}],"ip":83,"op":83,"st":1,"bm":0,"hidden":1},{"ddd":0,"ind":10,"ty":4,"nm":"heart","sr":1,"ks":{"o":{"a":0,"k":100,"ix":11},"r":{"a":0,"k":0,"ix":10},"p":{"a":0,"k":[64.98885714285714,64.95728571428572,0],"ix":2},"a":{"a":0,"k":[-0.002,-0.001,0],"ix":1},"s":{"a":1,"k":[{"i":{"x":[0.667,0.667,0.667],"y":[1,1,1]},"o":{"x":[0.333,0.333,0.333],"y":[0,0,0]},"t":1,"s":[74.2857142857143,74.2857142857143,100]},{"i":{"x":[0.667,0.667,0.667],"y":[1,1,1]},"o":{"x":[0.333,0.333,0.333],"y":[0,0,0]},"t":9,"s":[222.85714285714283,222.85714285714283,100]},{"t":34,"s":[176.42857142857144,176.42857142857144,100]}],"ix":6}},"ao":0,"shapes":[{"ty":"gr","it":[{"ind":0,"ty":"sh","ix":1,"ks":{"a":0,"k":{"i":[[0.47,0],[0.37,0.28],[0,0],[0.05,0.04],[1.76,4.26],[0.01,0.03],[0,0],[0,0.77],[0,0],[0,0.12],[-4.08,0],[-1.31,-1.08],[-1.66,0],[0,-4.24],[0.01,-0.08],[0,-0.05],[0.31,-0.81],[0.17,-0.31],[0,0],[0,0],[0,0],[0,0],[0.1,-0.16],[2.08,-1.56],[0.03,-0.02]],"o":[[-0.46,0],[0,0],[-0.02,-0.01],[-2.41,-1.81],[-0.02,-0.04],[0,0],[-0.35,-0.88],[0,0],[-0.01,-0.11],[0,-4.24],[1.67,0],[1.3,-1.09],[4.08,0],[0,0.13],[0,0.03],[0,0.69],[-0.11,0.33],[0,0],[0,0],[0,0],[0,0],[-0.07,0.12],[-2.26,3.89],[-0.03,0.02],[-0.38,0.28]],"v":[[-0.016,10.979],[-1.296,10.549],[-1.296,10.539],[-1.406,10.469],[-11.396,-0.271],[-11.436,-0.371],[-11.447,-0.381],[-11.977,-2.871],[-11.977,-2.941],[-11.997,-3.291],[-4.596,-10.981],[0.003,-9.291],[4.594,-10.981],[11.993,-3.291],[11.984,-2.981],[11.993,-2.861],[11.533,-0.631],[11.113,0.329],[11.074,0.429],[11.053,0.449],[11.023,0.509],[10.993,0.579],[10.753,0.999],[1.363,10.479],[1.273,10.549]],"c":true},"ix":2},"nm":"路径 1","mn":"ADBE Vector Shape - Group","hd":false},{"ty":"fl","c":{"a":0,"k":[0.9137254901960784,0.19215686274509805,0.29411764705882354,1],"ix":4},"o":{"a":0,"k":100,"ix":5},"r":1,"bm":0,"nm":"填充 1","mn":"ADBE Vector Graphic - Fill","hd":false},{"ty":"tr","p":{"a":0,"k":[0,0],"ix":2},"a":{"a":0,"k":[0,0],"ix":1},"s":{"a":0,"k":[100,100],"ix":3},"r":{"a":0,"k":0,"ix":6},"o":{"a":0,"k":100,"ix":7},"sk":{"a":0,"k":0,"ix":4},"sa":{"a":0,"k":0,"ix":5},"nm":"变换"}],"nm":"路径","np":2,"cix":2,"bm":0,"ix":1,"mn":"ADBE Vector Group","hd":false}],"ip":1,"op":83,"st":1,"bm":0},{"ddd":0,"ind":11,"ty":4,"nm":"圆环","sr":1,"ks":{"o":{"a":1,"k":[{"i":{"x":[0.667],"y":[1]},"o":{"x":[0.333],"y":[0]},"t":9,"s":[100]},{"t":20,"s":[0]}],"ix":11},"r":{"a":0,"k":0,"ix":10},"p":{"a":0,"k":[65.28042857142859,64.70471428571429,0],"ix":2},"a":{"a":0,"k":[0.151,-0.159,0],"ix":1},"s":{"a":1,"k":[{"i":{"x":[0.667,0.667,0.667],"y":[1,1,1]},"o":{"x":[0.333,0.333,0.333],"y":[0,0,0]},"t":1,"s":[185.71428571428572,185.71428571428572,100]},{"i":{"x":[0.667,0.667,0.667],"y":[1,1,1]},"o":{"x":[0.333,0.333,0.333],"y":[0,0,0]},"t":9,"s":[631.4285714285716,631.4285714285716,100]},{"t":19,"s":[742.8571428571429,742.8571428571429,100]}],"ix":6}},"ao":0,"shapes":[{"ty":"gr","it":[{"d":1,"ty":"el","s":{"a":0,"k":[9.666,10],"ix":2},"p":{"a":0,"k":[0,0],"ix":3},"nm":"椭圆路径 1","mn":"ADBE Vector Shape - Ellipse","hd":false},{"ty":"st","c":{"a":0,"k":[1,0,0.145098045468,1],"ix":3},"o":{"a":0,"k":100,"ix":4},"w":{"a":1,"k":[{"i":{"x":[0.667],"y":[1]},"o":{"x":[0.333],"y":[0]},"t":2,"s":[4]},{"i":{"x":[0.667],"y":[1]},"o":{"x":[0.333],"y":[0]},"t":7,"s":[0.1]},{"t":16,"s":[0.1]}],"ix":5},"lc":1,"lj":1,"ml":4,"bm":0,"nm":"描边 1","mn":"ADBE Vector Graphic - Stroke","hd":false},{"ty":"tr","p":{"a":0,"k":[0.151,-0.159],"ix":2},"a":{"a":0,"k":[0,0],"ix":1},"s":{"a":0,"k":[100,100],"ix":3},"r":{"a":0,"k":0,"ix":6},"o":{"a":0,"k":100,"ix":7},"sk":{"a":0,"k":0,"ix":4},"sa":{"a":0,"k":0,"ix":5},"nm":"变换"}],"nm":"椭圆 1","np":3,"cix":2,"bm":0,"ix":1,"mn":"ADBE Vector Group","hd":false}],"ip":1,"op":83,"st":1,"bm":0}],"markers":[]}