{"v":"5.1.8","fr":29.9700012207031,"ip":0,"op":30.0000012219251,"w":846,"h":379,"nm":"main","ddd":0,"assets":[{"id":"comp_0","layers":[{"ddd":0,"ind":1,"ty":4,"nm":"trophyアウトライン","sr":1,"ks":{"o":{"a":0,"k":100,"ix":11},"r":{"a":0,"k":0,"ix":10},"p":{"a":0,"k":[178,176,0],"ix":2},"a":{"a":0,"k":[184.5,185,0],"ix":1},"s":{"a":0,"k":[93.514,93.514,100],"ix":6}},"ao":0,"shapes":[{"ty":"gr","it":[{"ind":0,"ty":"sh","ix":1,"ks":{"a":0,"k":{"i":[[-3.24,0.183],[-0.186,-3.179],[0,0],[0,0],[0,0],[-0.044,-0.599],[-0.207,-2.173],[-1.029,-6.734],[-5.412,-10.671],[2.904,-1.42],[1.445,2.851],[2.109,13.802],[0.429,4.507],[0.096,1.264],[0.023,0.338],[0,0],[0,0],[0,0],[-5.866,0.331],[0,0]],"o":[[3.239,-0.183],[0,0],[0,0],[0,0],[0.02,0.308],[0.09,1.198],[0.414,4.349],[2.088,13.66],[1.446,2.852],[-2.905,1.419],[-6.292,-12.408],[-1.07,-6.996],[-0.214,-2.255],[-0.047,-0.633],[0,0],[0,0],[0,0],[0,-0.001],[0,0],[-0.186,-3.18]],"v":[[-7.788,-39.311],[-1.586,-33.884],[-1.584,-33.862],[-1.579,-33.78],[-1.557,-33.435],[-1.46,-32.066],[-1.021,-26.949],[1.094,-9.832],[12.057,30.34],[9.415,38.075],[1.538,35.482],[-10.526,-8.119],[-12.721,-25.876],[-13.179,-31.219],[-13.283,-32.684],[-13.308,-33.074],[-13.314,-33.178],[-13.316,-33.216],[-7.451,-33.552],[-13.316,-33.22]],"c":true},"ix":2},"nm":"パス 1","mn":"ADBE Vector Shape - Group","hd":false},{"ty":"gr","it":[{"ind":0,"ty":"sh","ix":1,"ks":{"a":0,"k":{"i":[[0,0],[0,0],[0,0],[0,0]],"o":[[0,0],[0,0],[0,0],[0,0]],"v":[[-106.327,250.68],[262.673,250.68],[262.673,-119.32],[-106.327,-119.32]],"c":true},"ix":2},"nm":"パス 1","mn":"ADBE Vector Shape - Group","hd":false},{"ind":1,"ty":"sh","ix":2,"ks":{"a":0,"k":{"i":[[0,0],[0,0],[0,0],[0,0]],"o":[[0,0],[0,0],[0,0],[0,0]],"v":[[-106.327,-119.32],[262.673,-119.32],[262.673,250.68],[-106.327,250.68]],"c":true},"ix":2},"nm":"パス 2","mn":"ADBE Vector Shape - Group","hd":false},{"ty":"tr","p":{"a":0,"k":[0,0],"ix":2},"a":{"a":0,"k":[0,0],"ix":1},"s":{"a":0,"k":[100,100],"ix":3},"r":{"a":0,"k":0,"ix":6},"o":{"a":0,"k":100,"ix":7},"sk":{"a":0,"k":0,"ix":4},"sa":{"a":0,"k":0,"ix":5},"nm":"トランスフォーム"}],"nm":"グループ 1","np":2,"cix":2,"ix":2,"mn":"ADBE Vector Group","hd":false},{"ty":"mm","mm":4,"nm":"パスを結合 1","mn":"ADBE Vector Filter - Merge","hd":false},{"ty":"fl","c":{"a":0,"k":[0.925,0.380000005984,0.039000002543,1],"ix":4},"o":{"a":0,"k":100,"ix":5},"r":1,"nm":"塗り 1","mn":"ADBE Vector Graphic - Fill","hd":false},{"ty":"tr","p":{"a":0,"k":[106.327,119.32],"ix":2},"a":{"a":0,"k":[0,0],"ix":1},"s":{"a":0,"k":[100,100],"ix":3},"r":{"a":0,"k":0,"ix":6},"o":{"a":0,"k":100,"ix":7},"sk":{"a":0,"k":0,"ix":4},"sa":{"a":0,"k":0,"ix":5},"nm":"トランスフォーム"}],"nm":"グループ 1","np":4,"cix":2,"ix":1,"mn":"ADBE Vector Group","hd":false},{"ty":"gr","it":[{"ind":0,"ty":"sh","ix":1,"ks":{"a":0,"k":{"i":[[0,0],[0,0],[0,0],[0,0],[0,0],[0,0],[0,0],[0,0],[0,0],[0,0]],"o":[[0,0],[0,0],[0,0],[0,0],[0,0],[0,0],[0,0],[0,0],[0,0],[0,0]],"v":[[0,35.222],[-34.919,53.5],[-28.25,14.787],[-56.5,-12.63],[-17.459,-18.278],[0,-53.5],[17.46,-18.278],[56.5,-12.63],[28.25,14.787],[34.919,53.5]],"c":true},"ix":2},"nm":"パス 1","mn":"ADBE Vector Shape - Group","hd":false},{"ty":"gr","it":[{"ind":0,"ty":"sh","ix":1,"ks":{"a":0,"k":{"i":[[0,0],[0,0],[0,0],[0,0]],"o":[[0,0],[0,0],[0,0],[0,0]],"v":[[-184.5,274.5],[184.5,274.5],[184.5,-95.5],[-184.5,-95.5]],"c":true},"ix":2},"nm":"パス 1","mn":"ADBE Vector Shape - Group","hd":false},{"ind":1,"ty":"sh","ix":2,"ks":{"a":0,"k":{"i":[[0,0],[0,0],[0,0],[0,0]],"o":[[0,0],[0,0],[0,0],[0,0]],"v":[[-184.5,-95.5],[184.5,-95.5],[184.5,274.5],[-184.5,274.5]],"c":true},"ix":2},"nm":"パス 2","mn":"ADBE Vector Shape - Group","hd":false},{"ty":"tr","p":{"a":0,"k":[0,0],"ix":2},"a":{"a":0,"k":[0,0],"ix":1},"s":{"a":0,"k":[100,100],"ix":3},"r":{"a":0,"k":0,"ix":6},"o":{"a":0,"k":100,"ix":7},"sk":{"a":0,"k":0,"ix":4},"sa":{"a":0,"k":0,"ix":5},"nm":"トランスフォーム"}],"nm":"グループ 1","np":2,"cix":2,"ix":2,"mn":"ADBE Vector Group","hd":false},{"ty":"mm","mm":4,"nm":"パスを結合 1","mn":"ADBE Vector Filter - Merge","hd":false},{"ty":"fl","c":{"a":0,"k":[0.925,0.380000005984,0.039000002543,1],"ix":4},"o":{"a":0,"k":100,"ix":5},"r":1,"nm":"塗り 1","mn":"ADBE Vector Graphic - Fill","hd":false},{"ty":"tr","p":{"a":0,"k":[184.5,95.5],"ix":2},"a":{"a":0,"k":[0,0],"ix":1},"s":{"a":0,"k":[100,100],"ix":3},"r":{"a":0,"k":0,"ix":6},"o":{"a":0,"k":100,"ix":7},"sk":{"a":0,"k":0,"ix":4},"sa":{"a":0,"k":0,"ix":5},"nm":"トランスフォーム"}],"nm":"グループ 2","np":4,"cix":2,"ix":2,"mn":"ADBE Vector Group","hd":false},{"ty":"gr","it":[{"ind":0,"ty":"sh","ix":1,"ks":{"a":0,"k":{"i":[[0,0],[0,0],[0,0],[0,0]],"o":[[0,0],[0,0],[0,0],[0,0]],"v":[[-53,-23.5],[53,-23.5],[53,23.5],[-53,23.5]],"c":true},"ix":2},"nm":"パス 1","mn":"ADBE Vector Shape - Group","hd":false},{"ty":"gr","it":[{"ind":0,"ty":"sh","ix":1,"ks":{"a":0,"k":{"i":[[0,0],[0,0],[0,0],[0,0]],"o":[[0,0],[0,0],[0,0],[0,0]],"v":[[-184,50.5],[185,50.5],[185,-319.5],[-184,-319.5]],"c":true},"ix":2},"nm":"パス 1","mn":"ADBE Vector Shape - Group","hd":false},{"ind":1,"ty":"sh","ix":2,"ks":{"a":0,"k":{"i":[[0,0],[0,0],[0,0],[0,0]],"o":[[0,0],[0,0],[0,0],[0,0]],"v":[[-184,-319.5],[185,-319.5],[185,50.5],[-184,50.5]],"c":true},"ix":2},"nm":"パス 2","mn":"ADBE Vector Shape - Group","hd":false},{"ty":"tr","p":{"a":0,"k":[0,0],"ix":2},"a":{"a":0,"k":[0,0],"ix":1},"s":{"a":0,"k":[100,100],"ix":3},"r":{"a":0,"k":0,"ix":6},"o":{"a":0,"k":100,"ix":7},"sk":{"a":0,"k":0,"ix":4},"sa":{"a":0,"k":0,"ix":5},"nm":"トランスフォーム"}],"nm":"グループ 1","np":2,"cix":2,"ix":2,"mn":"ADBE Vector Group","hd":false},{"ty":"mm","mm":4,"nm":"パスを結合 1","mn":"ADBE Vector Filter - Merge","hd":false},{"ty":"fl","c":{"a":0,"k":[1,0.764999988032,0,1],"ix":4},"o":{"a":0,"k":100,"ix":5},"r":1,"nm":"塗り 1","mn":"ADBE Vector Graphic - Fill","hd":false},{"ty":"tr","p":{"a":0,"k":[184,319.5],"ix":2},"a":{"a":0,"k":[0,0],"ix":1},"s":{"a":0,"k":[100,100],"ix":3},"r":{"a":0,"k":0,"ix":6},"o":{"a":0,"k":100,"ix":7},"sk":{"a":0,"k":0,"ix":4},"sa":{"a":0,"k":0,"ix":5},"nm":"トランスフォーム"}],"nm":"グループ 3","np":4,"cix":2,"ix":3,"mn":"ADBE Vector Group","hd":false},{"ty":"gr","it":[{"ind":0,"ty":"sh","ix":1,"ks":{"a":0,"k":{"i":[[0,0],[0,0],[0,0],[0,0]],"o":[[0,0],[0,0],[0,0],[0,0]],"v":[[-78,-42],[78,-42],[78,42],[-78,42]],"c":true},"ix":2},"nm":"パス 1","mn":"ADBE Vector Shape - Group","hd":false},{"ty":"gr","it":[{"ind":0,"ty":"sh","ix":1,"ks":{"a":0,"k":{"i":[[0,0],[0,0],[0,0],[0,0]],"o":[[0,0],[0,0],[0,0],[0,0]],"v":[[-184,50],[185,50],[185,-320],[-184,-320]],"c":true},"ix":2},"nm":"パス 1","mn":"ADBE Vector Shape - Group","hd":false},{"ind":1,"ty":"sh","ix":2,"ks":{"a":0,"k":{"i":[[0,0],[0,0],[0,0],[0,0]],"o":[[0,0],[0,0],[0,0],[0,0]],"v":[[-184,-320],[185,-320],[185,50],[-184,50]],"c":true},"ix":2},"nm":"パス 2","mn":"ADBE Vector Shape - Group","hd":false},{"ty":"tr","p":{"a":0,"k":[0,0],"ix":2},"a":{"a":0,"k":[0,0],"ix":1},"s":{"a":0,"k":[100,100],"ix":3},"r":{"a":0,"k":0,"ix":6},"o":{"a":0,"k":100,"ix":7},"sk":{"a":0,"k":0,"ix":4},"sa":{"a":0,"k":0,"ix":5},"nm":"トランスフォーム"}],"nm":"グループ 1","np":2,"cix":2,"ix":2,"mn":"ADBE Vector Group","hd":false},{"ty":"mm","mm":4,"nm":"パスを結合 1","mn":"ADBE Vector Filter - Merge","hd":false},{"ty":"fl","c":{"a":0,"k":[0.917999985639,0.702000038297,0,1],"ix":4},"o":{"a":0,"k":100,"ix":5},"r":1,"nm":"塗り 1","mn":"ADBE Vector Graphic - Fill","hd":false},{"ty":"tr","p":{"a":0,"k":[184,320],"ix":2},"a":{"a":0,"k":[0,0],"ix":1},"s":{"a":0,"k":[100,100],"ix":3},"r":{"a":0,"k":0,"ix":6},"o":{"a":0,"k":100,"ix":7},"sk":{"a":0,"k":0,"ix":4},"sa":{"a":0,"k":0,"ix":5},"nm":"トランスフォーム"}],"nm":"グループ 4","np":4,"cix":2,"ix":4,"mn":"ADBE Vector Group","hd":false},{"ty":"gr","it":[{"ind":0,"ty":"sh","ix":1,"ks":{"a":0,"k":{"i":[[-6.401,0],[0,0],[0,0],[0,0],[0,-6.4],[0,0],[34.043,-39.497],[8.846,-7.489],[-3.068,-29.783],[0,0],[0,0],[0,0],[19.335,16.369],[9.886,11.466],[0,0],[0,0]],"o":[[0,0],[0,0],[0,0],[6.402,0],[0,0],[0,0],[-9.886,11.466],[-19.334,16.369],[0,0],[0,0],[0,0],[3.069,-29.783],[-8.845,-7.489],[-34.043,-39.497],[0,0],[0,-6.4]],"v":[[-97.91,-139.5],[-0.35,-139.5],[0.351,-139.5],[97.909,-139.5],[109.5,-127.911],[109.5,-30.708],[75.457,53.896],[46.789,81.267],[16.41,139.365],[0.351,139.5],[-0.35,139.5],[-16.41,139.365],[-46.789,81.267],[-75.457,53.896],[-109.5,-30.708],[-109.5,-127.911]],"c":true},"ix":2},"nm":"パス 1","mn":"ADBE Vector Shape - Group","hd":false},{"ty":"gr","it":[{"ind":0,"ty":"sh","ix":1,"ks":{"a":0,"k":{"i":[[0,0],[0,0],[0,0],[0,0]],"o":[[0,0],[0,0],[0,0],[0,0]],"v":[[-184.5,230.5],[184.5,230.5],[184.5,-139.5],[-184.5,-139.5]],"c":true},"ix":2},"nm":"パス 1","mn":"ADBE Vector Shape - Group","hd":false},{"ind":1,"ty":"sh","ix":2,"ks":{"a":0,"k":{"i":[[0,0],[0,0],[0,0],[0,0]],"o":[[0,0],[0,0],[0,0],[0,0]],"v":[[-184.5,-139.5],[184.5,-139.5],[184.5,230.5],[-184.5,230.5]],"c":true},"ix":2},"nm":"パス 2","mn":"ADBE Vector Shape - Group","hd":false},{"ty":"tr","p":{"a":0,"k":[0,0],"ix":2},"a":{"a":0,"k":[0,0],"ix":1},"s":{"a":0,"k":[100,100],"ix":3},"r":{"a":0,"k":0,"ix":6},"o":{"a":0,"k":100,"ix":7},"sk":{"a":0,"k":0,"ix":4},"sa":{"a":0,"k":0,"ix":5},"nm":"トランスフォーム"}],"nm":"グループ 1","np":2,"cix":2,"ix":2,"mn":"ADBE Vector Group","hd":false},{"ty":"mm","mm":4,"nm":"パスを結合 1","mn":"ADBE Vector Filter - Merge","hd":false},{"ty":"fl","c":{"a":0,"k":[1,0.764999988032,0,1],"ix":4},"o":{"a":0,"k":100,"ix":5},"r":1,"nm":"塗り 1","mn":"ADBE Vector Graphic - Fill","hd":false},{"ty":"tr","p":{"a":0,"k":[184.5,139.5],"ix":2},"a":{"a":0,"k":[0,0],"ix":1},"s":{"a":0,"k":[100,100],"ix":3},"r":{"a":0,"k":0,"ix":6},"o":{"a":0,"k":100,"ix":7},"sk":{"a":0,"k":0,"ix":4},"sa":{"a":0,"k":0,"ix":5},"nm":"トランスフォーム"}],"nm":"グループ 6","np":4,"cix":2,"ix":5,"mn":"ADBE Vector Group","hd":false},{"ty":"gr","it":[{"ind":0,"ty":"sh","ix":1,"ks":{"a":0,"k":{"i":[[0,2.485],[-2.567,0],[0,0],[0,-2.485],[2.566,0],[0,0]],"o":[[0,-2.485],[0,0],[2.566,0],[0,2.485],[0,0],[-2.567,0]],"v":[[-121.5,0],[-116.853,-4.5],[116.853,-4.5],[121.5,0],[116.853,4.5],[-116.853,4.5]],"c":true},"ix":2},"nm":"パス 1","mn":"ADBE Vector Shape - Group","hd":false},{"ty":"gr","it":[{"ind":0,"ty":"sh","ix":1,"ks":{"a":0,"k":{"i":[[0,0],[0,0],[0,0],[0,0]],"o":[[0,0],[0,0],[0,0],[0,0]],"v":[[-183.5,4.5],[185.5,4.5],[185.5,-365.5],[-183.5,-365.5]],"c":true},"ix":2},"nm":"パス 1","mn":"ADBE Vector Shape - Group","hd":false},{"ind":1,"ty":"sh","ix":2,"ks":{"a":0,"k":{"i":[[0,0],[0,0],[0,0],[0,0]],"o":[[0,0],[0,0],[0,0],[0,0]],"v":[[-183.5,-365.5],[185.5,-365.5],[185.5,4.5],[-183.5,4.5]],"c":true},"ix":2},"nm":"パス 2","mn":"ADBE Vector Shape - Group","hd":false},{"ty":"tr","p":{"a":0,"k":[0,0],"ix":2},"a":{"a":0,"k":[0,0],"ix":1},"s":{"a":0,"k":[100,100],"ix":3},"r":{"a":0,"k":0,"ix":6},"o":{"a":0,"k":100,"ix":7},"sk":{"a":0,"k":0,"ix":4},"sa":{"a":0,"k":0,"ix":5},"nm":"トランスフォーム"}],"nm":"グループ 1","np":2,"cix":2,"ix":2,"mn":"ADBE Vector Group","hd":false},{"ty":"mm","mm":4,"nm":"パスを結合 1","mn":"ADBE Vector Filter - Merge","hd":false},{"ty":"fl","c":{"a":0,"k":[1,0.764999988032,0,1],"ix":4},"o":{"a":0,"k":100,"ix":5},"r":1,"nm":"塗り 1","mn":"ADBE Vector Graphic - Fill","hd":false},{"ty":"tr","p":{"a":0,"k":[183.5,365.5],"ix":2},"a":{"a":0,"k":[0,0],"ix":1},"s":{"a":0,"k":[100,100],"ix":3},"r":{"a":0,"k":0,"ix":6},"o":{"a":0,"k":100,"ix":7},"sk":{"a":0,"k":0,"ix":4},"sa":{"a":0,"k":0,"ix":5},"nm":"トランスフォーム"}],"nm":"グループ 7","np":4,"cix":2,"ix":6,"mn":"ADBE Vector Group","hd":false},{"ty":"gr","it":[{"ind":0,"ty":"sh","ix":1,"ks":{"a":0,"k":{"i":[[0,0],[1.57,25.194],[0,0],[0,0],[-3.441,0],[0,0],[0,0]],"o":[[-24.365,-6.811],[0,0],[0,0],[0,-3.434],[0,0],[0,0],[0,0]],"v":[[19.66,45.275],[-23.653,-8.175],[-25.862,-43.649],[-25.874,-44.033],[-19.643,-50.25],[31.067,-50.25],[37.271,50.197]],"c":true},"ix":2},"nm":"パス 1","mn":"ADBE Vector Shape - Group","hd":false},{"ind":1,"ty":"sh","ix":2,"ks":{"a":0,"k":{"i":[[0,0],[0,0],[0,-6.864],[0,0],[-40.413,0],[0,0]],"o":[[0,0],[-6.883,0],[0,0],[0,40.317],[0,0],[0,0]],"v":[[31.288,-73],[-36.037,-73],[-48.5,-60.569],[-48.5,-0.003],[24.674,73],[48.5,73]],"c":true},"ix":2},"nm":"パス 2","mn":"ADBE Vector Shape - Group","hd":false},{"ty":"mm","mm":1,"nm":"パスを結合 1","mn":"ADBE Vector Filter - Merge","hd":false},{"ty":"gr","it":[{"ind":0,"ty":"sh","ix":1,"ks":{"a":0,"k":{"i":[[0,0],[0,0],[0,0],[0,0]],"o":[[0,0],[0,0],[0,0],[0,0]],"v":[[-48.5,272],[320.5,272],[320.5,-98],[-48.5,-98]],"c":true},"ix":2},"nm":"パス 1","mn":"ADBE Vector Shape - Group","hd":false},{"ind":1,"ty":"sh","ix":2,"ks":{"a":0,"k":{"i":[[0,0],[0,0],[0,0],[0,0]],"o":[[0,0],[0,0],[0,0],[0,0]],"v":[[-48.5,-98],[320.5,-98],[320.5,272],[-48.5,272]],"c":true},"ix":2},"nm":"パス 2","mn":"ADBE Vector Shape - Group","hd":false},{"ty":"tr","p":{"a":0,"k":[0,0],"ix":2},"a":{"a":0,"k":[0,0],"ix":1},"s":{"a":0,"k":[100,100],"ix":3},"r":{"a":0,"k":0,"ix":6},"o":{"a":0,"k":100,"ix":7},"sk":{"a":0,"k":0,"ix":4},"sa":{"a":0,"k":0,"ix":5},"nm":"トランスフォーム"}],"nm":"グループ 1","np":2,"cix":2,"ix":4,"mn":"ADBE Vector Group","hd":false},{"ty":"mm","mm":4,"nm":"パスを結合 2","mn":"ADBE Vector Filter - Merge","hd":false},{"ty":"fl","c":{"a":0,"k":[1,0.764999988032,0,1],"ix":4},"o":{"a":0,"k":100,"ix":5},"r":1,"nm":"塗り 1","mn":"ADBE Vector Graphic - Fill","hd":false},{"ty":"tr","p":{"a":0,"k":[48.5,98],"ix":2},"a":{"a":0,"k":[0,0],"ix":1},"s":{"a":0,"k":[100,100],"ix":3},"r":{"a":0,"k":0,"ix":6},"o":{"a":0,"k":100,"ix":7},"sk":{"a":0,"k":0,"ix":4},"sa":{"a":0,"k":0,"ix":5},"nm":"トランスフォーム"}],"nm":"グループ 8","np":6,"cix":2,"ix":7,"mn":"ADBE Vector Group","hd":false},{"ty":"gr","it":[{"ind":0,"ty":"sh","ix":1,"ks":{"a":0,"k":{"i":[[0,0],[0,0],[24.365,-6.811],[0,0],[0,0],[0,0],[0,-3.434]],"o":[[0,0],[-1.569,25.193],[0,0],[0,0],[0,0],[3.442,0],[0,0]],"v":[[25.862,-43.648],[23.652,-8.174],[-19.66,45.276],[-37.271,50.198],[-31.067,-50.25],[19.642,-50.25],[25.874,-44.032]],"c":true},"ix":2},"nm":"パス 1","mn":"ADBE Vector Shape - Group","hd":false},{"ind":1,"ty":"sh","ix":2,"ks":{"a":0,"k":{"i":[[6.883,0],[0,0],[0,0],[0,0],[0,40.317],[0,0]],"o":[[0,0],[0,0],[0,0],[40.413,0],[0,0],[0,-6.864]],"v":[[36.037,-73],[-31.288,-73],[-48.5,73],[-24.674,73],[48.5,-0.002],[48.5,-60.568]],"c":true},"ix":2},"nm":"パス 2","mn":"ADBE Vector Shape - Group","hd":false},{"ty":"mm","mm":1,"nm":"パスを結合 1","mn":"ADBE Vector Filter - Merge","hd":false},{"ty":"gr","it":[{"ind":0,"ty":"sh","ix":1,"ks":{"a":0,"k":{"i":[[0,0],[0,0],[0,0],[0,0]],"o":[[0,0],[0,0],[0,0],[0,0]],"v":[[-320.5,272],[48.5,272],[48.5,-98],[-320.5,-98]],"c":true},"ix":2},"nm":"パス 1","mn":"ADBE Vector Shape - Group","hd":false},{"ind":1,"ty":"sh","ix":2,"ks":{"a":0,"k":{"i":[[0,0],[0,0],[0,0],[0,0]],"o":[[0,0],[0,0],[0,0],[0,0]],"v":[[-320.5,-98],[48.5,-98],[48.5,272],[-320.5,272]],"c":true},"ix":2},"nm":"パス 2","mn":"ADBE Vector Shape - Group","hd":false},{"ty":"tr","p":{"a":0,"k":[0,0],"ix":2},"a":{"a":0,"k":[0,0],"ix":1},"s":{"a":0,"k":[100,100],"ix":3},"r":{"a":0,"k":0,"ix":6},"o":{"a":0,"k":100,"ix":7},"sk":{"a":0,"k":0,"ix":4},"sa":{"a":0,"k":0,"ix":5},"nm":"トランスフォーム"}],"nm":"グループ 1","np":2,"cix":2,"ix":4,"mn":"ADBE Vector Group","hd":false},{"ty":"mm","mm":4,"nm":"パスを結合 2","mn":"ADBE Vector Filter - Merge","hd":false},{"ty":"fl","c":{"a":0,"k":[1,0.764999988032,0,1],"ix":4},"o":{"a":0,"k":100,"ix":5},"r":1,"nm":"塗り 1","mn":"ADBE Vector Graphic - Fill","hd":false},{"ty":"tr","p":{"a":0,"k":[320.5,98],"ix":2},"a":{"a":0,"k":[0,0],"ix":1},"s":{"a":0,"k":[100,100],"ix":3},"r":{"a":0,"k":0,"ix":6},"o":{"a":0,"k":100,"ix":7},"sk":{"a":0,"k":0,"ix":4},"sa":{"a":0,"k":0,"ix":5},"nm":"トランスフォーム"}],"nm":"グループ 9","np":6,"cix":2,"ix":8,"mn":"ADBE Vector Group","hd":false}],"ip":0,"op":104.000004236007,"st":0,"bm":0}]},{"id":"comp_1","layers":[{"ddd":0,"ind":1,"ty":4,"nm":"Shape","sr":1,"ks":{"o":{"a":0,"k":100,"ix":11},"r":{"a":0,"k":0,"ix":10},"p":{"a":0,"k":[115.592,12.411,0],"ix":2},"a":{"a":0,"k":[22.213,4.355,0],"ix":1},"s":{"a":0,"k":[100,100,100],"ix":6}},"ao":0,"shapes":[{"ty":"gr","it":[{"ind":0,"ty":"sh","ix":1,"ks":{"a":0,"k":{"i":[[0,0],[-2.81,0],[0,0],[0,-2.76],[0,0],[2.81,0],[0,0],[0,2.76]],"o":[[0,-2.76],[0,0],[2.81,0],[0,0],[0,2.76],[0,0],[-2.81,0],[0,0]],"v":[[0,5],[5.09,0],[45.91,0],[51,5],[51,5],[45.91,10],[5.09,10],[0,5]],"c":true},"ix":2},"nm":"パス 1","mn":"ADBE Vector Shape - Group","hd":false},{"ty":"fl","c":{"a":0,"k":[1,0.764706015587,0,1],"ix":4},"o":{"a":0,"k":100,"ix":5},"r":1,"nm":"塗り 1","mn":"ADBE Vector Graphic - Fill","hd":false},{"ty":"tr","p":{"a":0,"k":[0,0],"ix":2},"a":{"a":0,"k":[0,0],"ix":1},"s":{"a":0,"k":[87.108,87.108],"ix":3},"r":{"a":0,"k":0,"ix":6},"o":{"a":0,"k":100,"ix":7},"sk":{"a":0,"k":0,"ix":4},"sa":{"a":0,"k":0,"ix":5},"nm":"トランスフォーム"}],"nm":"グループ 1","np":2,"cix":2,"ix":1,"mn":"ADBE Vector Group","hd":false}],"ip":0,"op":104.000004236007,"st":0,"bm":0},{"ddd":0,"ind":2,"ty":4,"nm":"Shape","sr":1,"ks":{"o":{"a":0,"k":100,"ix":11},"r":{"a":0,"k":0,"ix":10},"p":{"a":0,"k":[33.275,12.411,0],"ix":2},"a":{"a":0,"k":[27.875,4.355,0],"ix":1},"s":{"a":0,"k":[100,100,100],"ix":6}},"ao":0,"shapes":[{"ty":"gr","it":[{"ind":0,"ty":"sh","ix":1,"ks":{"a":0,"k":{"i":[[0,0],[-2.78,0],[0,0],[0,-2.76],[0,0],[2.78,0],[0,0],[0,2.76]],"o":[[0,-2.76],[0,0],[2.78,0],[0,0],[0,2.76],[0,0],[-2.78,0],[0,0]],"v":[[0,5],[5.04,0],[58.96,0],[64,5],[64,5],[58.96,10],[5.04,10],[0,5]],"c":true},"ix":2},"nm":"パス 1","mn":"ADBE Vector Shape - Group","hd":false},{"ty":"fl","c":{"a":0,"k":[1,0.764706015587,0,1],"ix":4},"o":{"a":0,"k":100,"ix":5},"r":1,"nm":"塗り 1","mn":"ADBE Vector Graphic - Fill","hd":false},{"ty":"tr","p":{"a":0,"k":[0,0],"ix":2},"a":{"a":0,"k":[0,0],"ix":1},"s":{"a":0,"k":[87.108,87.108],"ix":3},"r":{"a":0,"k":0,"ix":6},"o":{"a":0,"k":100,"ix":7},"sk":{"a":0,"k":0,"ix":4},"sa":{"a":0,"k":0,"ix":5},"nm":"トランスフォーム"}],"nm":"グループ 1","np":2,"cix":2,"ix":1,"mn":"ADBE Vector Group","hd":false}],"ip":0,"op":104.000004236007,"st":0,"bm":0},{"ddd":0,"ind":3,"ty":4,"nm":"Shape","sr":1,"ks":{"o":{"a":0,"k":100,"ix":11},"r":{"a":0,"k":0,"ix":10},"p":{"a":0,"k":[273.693,12.411,0],"ix":2},"a":{"a":0,"k":[60.105,4.355,0],"ix":1},"s":{"a":0,"k":[100,100,100],"ix":6}},"ao":0,"shapes":[{"ty":"gr","it":[{"ind":0,"ty":"sh","ix":1,"ks":{"a":0,"k":{"i":[[0,0],[-2.79,0],[0,0],[0,-2.76],[0,0],[2.79,0],[0,0],[0,2.76]],"o":[[0,-2.76],[0,0],[2.79,0],[0,0],[0,2.76],[0,0],[-2.79,0],[0,0]],"v":[[0,5],[5.04,0],[132.96,0],[138,5],[138,5],[132.96,10],[5.04,10],[0,5]],"c":true},"ix":2},"nm":"パス 1","mn":"ADBE Vector Shape - Group","hd":false},{"ty":"fl","c":{"a":0,"k":[1,0.764706015587,0,1],"ix":4},"o":{"a":0,"k":100,"ix":5},"r":1,"nm":"塗り 1","mn":"ADBE Vector Graphic - Fill","hd":false},{"ty":"tr","p":{"a":0,"k":[0,0],"ix":2},"a":{"a":0,"k":[0,0],"ix":1},"s":{"a":0,"k":[87.108,87.108],"ix":3},"r":{"a":0,"k":0,"ix":6},"o":{"a":0,"k":100,"ix":7},"sk":{"a":0,"k":0,"ix":4},"sa":{"a":0,"k":0,"ix":5},"nm":"トランスフォーム"}],"nm":"グループ 1","np":2,"cix":2,"ix":1,"mn":"ADBE Vector Group","hd":false}],"ip":0,"op":104.000004236007,"st":0,"bm":0},{"ddd":0,"ind":4,"ty":4,"nm":"Shape","sr":1,"ks":{"o":{"a":0,"k":100,"ix":11},"r":{"a":0,"k":0,"ix":10},"p":{"a":0,"k":[170.035,12.411,0],"ix":2},"a":{"a":0,"k":[14.808,4.355,0],"ix":1},"s":{"a":0,"k":[100,100,100],"ix":6}},"ao":0,"shapes":[{"ty":"gr","it":[{"ind":0,"ty":"sh","ix":1,"ks":{"a":0,"k":{"i":[[0,0],[-2.81,0],[0,0],[0,-2.76],[0,0],[2.81,0],[0,0],[0,2.76]],"o":[[0,-2.76],[0,0],[2.81,0],[0,0],[0,2.76],[0,0],[-2.81,0],[0,0]],"v":[[0,5],[5.09,0],[28.91,0],[34,5],[34,5],[28.91,10],[5.09,10],[0,5]],"c":true},"ix":2},"nm":"パス 1","mn":"ADBE Vector Shape - Group","hd":false},{"ty":"fl","c":{"a":0,"k":[1,0.764706015587,0,1],"ix":4},"o":{"a":0,"k":100,"ix":5},"r":1,"nm":"塗り 1","mn":"ADBE Vector Graphic - Fill","hd":false},{"ty":"tr","p":{"a":0,"k":[0,0],"ix":2},"a":{"a":0,"k":[0,0],"ix":1},"s":{"a":0,"k":[87.108,87.108],"ix":3},"r":{"a":0,"k":0,"ix":6},"o":{"a":0,"k":100,"ix":7},"sk":{"a":0,"k":0,"ix":4},"sa":{"a":0,"k":0,"ix":5},"nm":"トランスフォーム"}],"nm":"グループ 1","np":2,"cix":2,"ix":1,"mn":"ADBE Vector Group","hd":false}],"ip":0,"op":104.000004236007,"st":0,"bm":0}]}],"layers":[{"ddd":0,"ind":1,"ty":0,"nm":"torophy","refId":"comp_0","sr":1,"ks":{"o":{"a":0,"k":100,"ix":11},"r":{"a":0,"k":0,"ix":10},"p":{"a":0,"k":[423,196,0],"ix":2},"a":{"a":0,"k":[178,176,0],"ix":1},"s":{"a":1,"k":[{"i":{"x":[0,0,0.667],"y":[0.664,0.664,1]},"o":{"x":[0.1,0.1,0.333],"y":[0.367,0.367,0]},"n":["0_0p664_0p1_0p367","0_0p664_0p1_0p367","0p667_1_0p333_0"],"t":2,"s":[0,0,100],"e":[70,70,100]},{"i":{"x":[0.742,0.742,0.667],"y":[1.428,1.428,1]},"o":{"x":[0.21,0.21,0.333],"y":[0.784,0.784,0]},"n":["0p742_1p428_0p21_0p784","0p742_1p428_0p21_0p784","0p667_1_0p333_0"],"t":5,"s":[70,70,100],"e":[85,85,100]},{"i":{"x":[0.652,0.652,0.667],"y":[0.583,0.583,1]},"o":{"x":[0.693,0.693,0.333],"y":[3.042,3.042,0]},"n":["0p652_0p583_0p693_3p042","0p652_0p583_0p693_3p042","0p667_1_0p333_0"],"t":12.74,"s":[85,85,100],"e":[66.379,66.379,100]},{"t":20.6087508394116}],"ix":6}},"ao":0,"w":356,"h":352,"ip":2.00000008146167,"op":60.0000024438501,"st":0,"bm":0},{"ddd":0,"ind":2,"ty":0,"nm":"dash","refId":"comp_1","sr":1,"ks":{"o":{"a":0,"k":100,"ix":11},"r":{"a":0,"k":0,"ix":10},"p":{"a":0,"k":[423,323,0],"ix":2},"a":{"a":0,"k":[169.5,12,0],"ix":1},"s":{"a":1,"k":[{"i":{"x":[0.713,0.713,0.667],"y":[1.019,1.019,1]},"o":{"x":[0.347,0.347,0.333],"y":[0.188,0.188,0]},"n":["0p713_1p019_0p347_0p188","0p713_1p019_0p347_0p188","0p667_1_0p333_0"],"t":14,"s":[20,20,100],"e":[70.189,70.189,100]},{"t":19.0000007738859}],"ix":6}},"ao":0,"w":339,"h":24,"ip":12.00000048877,"op":60.0000024438501,"st":0,"bm":0},{"ddd":0,"ind":3,"ty":4,"nm":"star","sr":1,"ks":{"o":{"a":0,"k":100,"ix":11},"r":{"a":1,"k":[{"i":{"x":[0.667],"y":[1]},"o":{"x":[0.167],"y":[0.167]},"n":["0p667_1_0p167_0p167"],"t":13,"s":[1980],"e":[0]},{"t":26.0000010590017}],"ix":10},"p":{"a":1,"k":[{"i":{"x":0.667,"y":1},"o":{"x":0.167,"y":0.167},"n":"0p667_1_0p167_0p167","t":13,"s":[336.414,97.249,0],"e":[241.414,14.249,0],"to":[1.16666662693024,-30.3333339691162,0],"ti":[46.8333320617676,5.83333349227905,0]},{"t":26.0000010590017}],"ix":2},"a":{"a":0,"k":[13.595,13.578,0],"ix":1},"s":{"a":0,"k":[100,100,100],"ix":6}},"ao":0,"shapes":[{"ty":"gr","it":[{"ind":0,"ty":"sh","ix":1,"ks":{"a":0,"k":{"i":[[0,0],[0,0],[0,0],[0,0],[0,0],[0,0],[0,0],[0,0],[0,0],[0,0]],"o":[[0,0],[0,0],[0,0],[0,0],[0,0],[0,0],[0,0],[0,0],[0,0],[0,0]],"v":[[5.39,10.56],[0,8.89],[4.61,5.63],[4.53,0],[9.05,3.37],[14.39,1.56],[12.58,6.9],[15.96,11.41],[10.32,11.34],[7.06,15.94]],"c":true},"ix":2},"nm":"パス 1","mn":"ADBE Vector Shape - Group","hd":false},{"ty":"fl","c":{"a":0,"k":[1,0.764706015587,0,1],"ix":4},"o":{"a":0,"k":100,"ix":5},"r":1,"nm":"塗り 1","mn":"ADBE Vector Graphic - Fill","hd":false},{"ty":"tr","p":{"a":0,"k":[0,0],"ix":2},"a":{"a":0,"k":[0,0],"ix":1},"s":{"a":0,"k":[170.358,170.358],"ix":3},"r":{"a":0,"k":0,"ix":6},"o":{"a":0,"k":100,"ix":7},"sk":{"a":0,"k":0,"ix":4},"sa":{"a":0,"k":0,"ix":5},"nm":"トランスフォーム"}],"nm":"グループ 1","np":2,"cix":2,"ix":1,"mn":"ADBE Vector Group","hd":false}],"ip":13.0000005295009,"op":30.0000012219251,"st":0,"bm":0},{"ddd":0,"ind":4,"ty":4,"nm":"star","sr":1,"ks":{"o":{"a":0,"k":100,"ix":11},"r":{"a":1,"k":[{"i":{"x":[0.667],"y":[1]},"o":{"x":[0.167],"y":[0.167]},"n":["0p667_1_0p167_0p167"],"t":13,"s":[1980],"e":[0]},{"t":29.0000011811942}],"ix":10},"p":{"a":1,"k":[{"i":{"x":0.667,"y":1},"o":{"x":0.167,"y":0.167},"n":"0p667_1_0p167_0p167","t":13,"s":[519.733,101.622,0],"e":[765.733,12.622,0],"to":[16,-26.8333339691162,0],"ti":[-166.5,-2.66666674613953,0]},{"t":29.0000011811942}],"ix":2},"a":{"a":0,"k":[3.518,3.518,0],"ix":1},"s":{"a":0,"k":[100,100,100],"ix":6}},"ao":0,"shapes":[{"ty":"gr","it":[{"ind":0,"ty":"sh","ix":1,"ks":{"a":0,"k":{"i":[[0,0],[0,0],[0,0],[0,0],[0,0],[0,0],[0,0],[0,0],[0,0],[0,0]],"o":[[0,0],[0,0],[0,0],[0,0],[0,0],[0,0],[0,0],[0,0],[0,0],[0,0]],"v":[[2.67,2.93],[1.83,4.13],[1.39,2.73],[0,2.3],[1.19,1.46],[1.17,0],[2.34,0.87],[3.73,0.4],[3.26,1.78],[4.13,2.95]],"c":true},"ix":2},"nm":"パス 1","mn":"ADBE Vector Shape - Group","hd":false},{"ty":"st","c":{"a":0,"k":[1,0.764706015587,0,1],"ix":3},"o":{"a":0,"k":100,"ix":4},"w":{"a":0,"k":3,"ix":5},"lc":1,"lj":1,"ml":4,"nm":"線 1","mn":"ADBE Vector Graphic - Stroke","hd":false},{"ty":"tr","p":{"a":0,"k":[0,0],"ix":2},"a":{"a":0,"k":[0,0],"ix":1},"s":{"a":0,"k":[170.358,170.358],"ix":3},"r":{"a":0,"k":0,"ix":6},"o":{"a":0,"k":100,"ix":7},"sk":{"a":0,"k":0,"ix":4},"sa":{"a":0,"k":0,"ix":5},"nm":"トランスフォーム"}],"nm":"グループ 1","np":2,"cix":2,"ix":1,"mn":"ADBE Vector Group","hd":false}],"ip":13.0000005295009,"op":30.0000012219251,"st":0,"bm":0},{"ddd":0,"ind":5,"ty":4,"nm":"star","sr":1,"ks":{"o":{"a":0,"k":100,"ix":11},"r":{"a":1,"k":[{"i":{"x":[0.667],"y":[1]},"o":{"x":[0.167],"y":[0.167]},"n":["0p667_1_0p167_0p167"],"t":-1,"s":[0],"e":[1980]},{"i":{"x":[0.667],"y":[1]},"o":{"x":[0.167],"y":[0.167]},"n":["0p667_1_0p167_0p167"],"t":13,"s":[1980],"e":[0]},{"t":27.0000010997325}],"ix":10},"p":{"a":1,"k":[{"i":{"x":0.667,"y":1},"o":{"x":0.167,"y":0.167},"n":"0p667_1_0p167_0p167","t":13,"s":[556.86,209.334,0],"e":[670.86,259.334,0],"to":[41.5,-8.16666698455811,0],"ti":[-26,-36.3333320617676,0]},{"t":27.0000010997325}],"ix":2},"a":{"a":0,"k":[3.518,3.518,0],"ix":1},"s":{"a":0,"k":[100,100,100],"ix":6}},"ao":0,"shapes":[{"ty":"gr","it":[{"ind":0,"ty":"sh","ix":1,"ks":{"a":0,"k":{"i":[[0,0],[0,0],[0,0],[0,0],[0,0],[0,0],[0,0],[0,0],[0,0],[0,0]],"o":[[0,0],[0,0],[0,0],[0,0],[0,0],[0,0],[0,0],[0,0],[0,0],[0,0]],"v":[[2.67,2.94],[1.83,4.13],[1.39,2.73],[0,2.3],[1.19,1.46],[1.17,0],[2.34,0.87],[3.73,0.4],[3.26,1.79],[4.13,2.95]],"c":true},"ix":2},"nm":"パス 1","mn":"ADBE Vector Shape - Group","hd":false},{"ty":"st","c":{"a":0,"k":[1,0.764706015587,0,1],"ix":3},"o":{"a":0,"k":100,"ix":4},"w":{"a":0,"k":3,"ix":5},"lc":1,"lj":1,"ml":4,"nm":"線 1","mn":"ADBE Vector Graphic - Stroke","hd":false},{"ty":"tr","p":{"a":0,"k":[0,0],"ix":2},"a":{"a":0,"k":[0,0],"ix":1},"s":{"a":0,"k":[170.358,170.358],"ix":3},"r":{"a":0,"k":0,"ix":6},"o":{"a":0,"k":100,"ix":7},"sk":{"a":0,"k":0,"ix":4},"sa":{"a":0,"k":0,"ix":5},"nm":"トランスフォーム"}],"nm":"グループ 1","np":2,"cix":2,"ix":1,"mn":"ADBE Vector Group","hd":false}],"ip":13.0000005295009,"op":30.0000012219251,"st":0,"bm":0},{"ddd":0,"ind":6,"ty":4,"nm":"star","sr":1,"ks":{"o":{"a":0,"k":100,"ix":11},"r":{"a":1,"k":[{"i":{"x":[0.667],"y":[1]},"o":{"x":[0.167],"y":[0.167]},"n":["0p667_1_0p167_0p167"],"t":-1,"s":[0],"e":[1980]},{"i":{"x":[0.667],"y":[1]},"o":{"x":[0.167],"y":[0]},"n":["0p667_1_0p167_0"],"t":13,"s":[1980],"e":[10]},{"t":25.0000010182709}],"ix":10},"p":{"a":1,"k":[{"i":{"x":0.667,"y":1},"o":{"x":0.167,"y":0.167},"n":"0p667_1_0p167_0p167","t":13,"s":[290.848,204.01,0],"e":[16.848,204.01,0],"to":[-41.6666679382324,-24,0],"ti":[46.6666679382324,-25,0]},{"t":25.0000010182709}],"ix":2},"a":{"a":0,"k":[13.595,13.578,0],"ix":1},"s":{"a":0,"k":[100,100,100],"ix":6}},"ao":0,"shapes":[{"ty":"gr","it":[{"ind":0,"ty":"sh","ix":1,"ks":{"a":0,"k":{"i":[[0,0],[0,0],[0,0],[0,0],[0,0],[0,0],[0,0],[0,0],[0,0],[0,0]],"o":[[0,0],[0,0],[0,0],[0,0],[0,0],[0,0],[0,0],[0,0],[0,0],[0,0]],"v":[[5.39,10.56],[0,8.89],[4.6,5.63],[4.53,0],[9.05,3.37],[14.39,1.56],[12.58,6.9],[15.96,11.41],[10.32,11.34],[7.06,15.94]],"c":true},"ix":2},"nm":"パス 1","mn":"ADBE Vector Shape - Group","hd":false},{"ty":"fl","c":{"a":0,"k":[1,0.764706015587,0,1],"ix":4},"o":{"a":0,"k":100,"ix":5},"r":1,"nm":"塗り 1","mn":"ADBE Vector Graphic - Fill","hd":false},{"ty":"tr","p":{"a":0,"k":[0,0],"ix":2},"a":{"a":0,"k":[0,0],"ix":1},"s":{"a":0,"k":[170.358,170.358],"ix":3},"r":{"a":0,"k":0,"ix":6},"o":{"a":0,"k":100,"ix":7},"sk":{"a":0,"k":0,"ix":4},"sa":{"a":0,"k":0,"ix":5},"nm":"トランスフォーム"}],"nm":"グループ 1","np":2,"cix":2,"ix":1,"mn":"ADBE Vector Group","hd":false}],"ip":13.0000005295009,"op":30.0000012219251,"st":0,"bm":0},{"ddd":0,"ind":7,"ty":4,"nm":"star","sr":1,"ks":{"o":{"a":0,"k":100,"ix":11},"r":{"a":1,"k":[{"i":{"x":[0.667],"y":[1]},"o":{"x":[0.167],"y":[0.167]},"n":["0p667_1_0p167_0p167"],"t":-1,"s":[0],"e":[1980]},{"i":{"x":[0.667],"y":[1]},"o":{"x":[0.167],"y":[0.167]},"n":["0p667_1_0p167_0p167"],"t":13,"s":[1980],"e":[0]},{"t":26.0000010590017}],"ix":10},"p":{"a":1,"k":[{"i":{"x":0.667,"y":1},"o":{"x":0.167,"y":0.167},"n":"0p667_1_0p167_0p167","t":13,"s":[355.756,239.264,0],"e":[228.756,267.264,0],"to":[-30.1666660308838,-13.3333330154419,0],"ti":[12.1666669845581,-26.6666660308838,0]},{"t":26.0000010590017}],"ix":2},"a":{"a":0,"k":[13.595,13.578,0],"ix":1},"s":{"a":0,"k":[100,100,100],"ix":6}},"ao":0,"shapes":[{"ty":"gr","it":[{"ind":0,"ty":"sh","ix":1,"ks":{"a":0,"k":{"i":[[0,0],[0,0],[0,0],[0,0],[0,0],[0,0],[0,0],[0,0],[0,0],[0,0]],"o":[[0,0],[0,0],[0,0],[0,0],[0,0],[0,0],[0,0],[0,0],[0,0],[0,0]],"v":[[5.39,10.56],[0,8.89],[4.61,5.63],[4.53,0],[9.05,3.37],[14.39,1.56],[12.58,6.9],[15.96,11.41],[10.32,11.34],[7.06,15.94]],"c":true},"ix":2},"nm":"パス 1","mn":"ADBE Vector Shape - Group","hd":false},{"ty":"fl","c":{"a":0,"k":[1,0.764706015587,0,1],"ix":4},"o":{"a":0,"k":100,"ix":5},"r":1,"nm":"塗り 1","mn":"ADBE Vector Graphic - Fill","hd":false},{"ty":"tr","p":{"a":0,"k":[0,0],"ix":2},"a":{"a":0,"k":[0,0],"ix":1},"s":{"a":0,"k":[170.358,170.358],"ix":3},"r":{"a":0,"k":0,"ix":6},"o":{"a":0,"k":100,"ix":7},"sk":{"a":0,"k":0,"ix":4},"sa":{"a":0,"k":0,"ix":5},"nm":"トランスフォーム"}],"nm":"グループ 1","np":2,"cix":2,"ix":1,"mn":"ADBE Vector Group","hd":false}],"ip":13.0000005295009,"op":30.0000012219251,"st":0,"bm":0},{"ddd":0,"ind":8,"ty":4,"nm":"tape","sr":1,"ks":{"o":{"a":0,"k":100,"ix":11},"r":{"a":0,"k":0,"ix":10},"p":{"a":1,"k":[{"i":{"x":0.667,"y":1},"o":{"x":0.167,"y":0.167},"n":"0p667_1_0p167_0p167","t":13,"s":[331.332,260.193,0],"e":[145.332,150.193,0],"to":[-15,-87.3333358764648,0],"ti":[75,6.33333349227905,0]},{"t":25.0000010182709}],"ix":2},"a":{"a":0,"k":[12.521,7.58,0],"ix":1},"s":{"a":0,"k":[88.105,88.105,100],"ix":6}},"ao":0,"shapes":[{"ty":"gr","it":[{"ind":0,"ty":"sh","ix":1,"ks":{"a":0,"k":{"i":[[0,0],[-2.13,-5.84],[0,0]],"o":[[0,0],[2.12,5.84],[0,0]],"v":[[0,0.16],[7.63,4.56],[14.7,8.65]],"c":false},"ix":2},"nm":"パス 1","mn":"ADBE Vector Shape - Group","hd":false},{"ty":"st","c":{"a":0,"k":[0.686275005341,0.898038983345,0.964706003666,1],"ix":3},"o":{"a":0,"k":100,"ix":4},"w":{"a":0,"k":3.6,"ix":5},"lc":2,"lj":2,"nm":"線 1","mn":"ADBE Vector Graphic - Stroke","hd":false},{"ty":"tr","p":{"a":0,"k":[0,0],"ix":2},"a":{"a":0,"k":[0,0],"ix":1},"s":{"a":0,"k":[170.358,170.358],"ix":3},"r":{"a":0,"k":0,"ix":6},"o":{"a":0,"k":100,"ix":7},"sk":{"a":0,"k":0,"ix":4},"sa":{"a":0,"k":0,"ix":5},"nm":"トランスフォーム"}],"nm":"グループ 1","np":2,"cix":2,"ix":1,"mn":"ADBE Vector Group","hd":false}],"ip":13.0000005295009,"op":30.0000012219251,"st":0,"bm":0},{"ddd":0,"ind":9,"ty":4,"nm":"tape","sr":1,"ks":{"o":{"a":0,"k":100,"ix":11},"r":{"a":0,"k":20,"ix":10},"p":{"a":1,"k":[{"i":{"x":0.667,"y":1},"o":{"x":0.167,"y":0.167},"n":"0p667_1_0p167_0p167","t":13,"s":[369.075,259.888,0],"e":[83.075,323.888,0],"to":[-27.6666660308838,-53.3333320617676,0],"ti":[46.6666679382324,-35.6666679382324,0]},{"t":27.0000010997325}],"ix":2},"a":{"a":0,"k":[10.235,10.221,0],"ix":1},"s":{"a":0,"k":[100,100,100],"ix":6}},"ao":0,"shapes":[{"ty":"gr","it":[{"ind":0,"ty":"sh","ix":1,"ks":{"a":0,"k":{"i":[[0,0],[-6.19,0.54],[0,0]],"o":[[0,0],[6.19,-0.54],[0,0]],"v":[[0,12],[6.23,5.78],[12.01,0]],"c":false},"ix":2},"nm":"パス 1","mn":"ADBE Vector Shape - Group","hd":false},{"ty":"st","c":{"a":0,"k":[0.686275005341,0.898038983345,0.964706003666,1],"ix":3},"o":{"a":0,"k":100,"ix":4},"w":{"a":0,"k":3.6,"ix":5},"lc":2,"lj":2,"nm":"線 1","mn":"ADBE Vector Graphic - Stroke","hd":false},{"ty":"tr","p":{"a":0,"k":[0,0],"ix":2},"a":{"a":0,"k":[0,0],"ix":1},"s":{"a":0,"k":[170.358,170.358],"ix":3},"r":{"a":0,"k":0,"ix":6},"o":{"a":0,"k":100,"ix":7},"sk":{"a":0,"k":0,"ix":4},"sa":{"a":0,"k":0,"ix":5},"nm":"トランスフォーム"}],"nm":"グループ 1","np":2,"cix":2,"ix":1,"mn":"ADBE Vector Group","hd":false}],"ip":13.0000005295009,"op":30.0000012219251,"st":0,"bm":0},{"ddd":0,"ind":10,"ty":4,"nm":"tape","sr":1,"ks":{"o":{"a":0,"k":100,"ix":11},"r":{"a":0,"k":0,"ix":10},"p":{"a":1,"k":[{"i":{"x":0.667,"y":1},"o":{"x":0.167,"y":0.167},"n":"0p667_1_0p167_0p167","t":13,"s":[576.692,147.162,0],"e":[678.692,110.162,0],"to":[9,-27.1666660308838,0],"ti":[-71,-2.83333325386047,0]},{"t":25.0000010182709}],"ix":2},"a":{"a":0,"k":[12.521,7.232,0],"ix":1},"s":{"a":0,"k":[100,100,100],"ix":6}},"ao":0,"shapes":[{"ty":"gr","it":[{"ind":0,"ty":"sh","ix":1,"ks":{"a":0,"k":{"i":[[0,0],[-6.11,-1.09],[0,0]],"o":[[0,0],[6.12,1.08],[0,0]],"v":[[0,8.49],[7.62,4.09],[14.7,0]],"c":false},"ix":2},"nm":"パス 1","mn":"ADBE Vector Shape - Group","hd":false},{"ty":"st","c":{"a":0,"k":[0.686275005341,0.898038983345,0.964706003666,1],"ix":3},"o":{"a":0,"k":100,"ix":4},"w":{"a":0,"k":3.6,"ix":5},"lc":2,"lj":2,"nm":"線 1","mn":"ADBE Vector Graphic - Stroke","hd":false},{"ty":"tr","p":{"a":0,"k":[0,0],"ix":2},"a":{"a":0,"k":[0,0],"ix":1},"s":{"a":0,"k":[170.358,170.358],"ix":3},"r":{"a":0,"k":0,"ix":6},"o":{"a":0,"k":100,"ix":7},"sk":{"a":0,"k":0,"ix":4},"sa":{"a":0,"k":0,"ix":5},"nm":"トランスフォーム"}],"nm":"グループ 1","np":2,"cix":2,"ix":1,"mn":"ADBE Vector Group","hd":false}],"ip":13.0000005295009,"op":30.0000012219251,"st":0,"bm":0},{"ddd":0,"ind":11,"ty":4,"nm":"tape","sr":1,"ks":{"o":{"a":0,"k":100,"ix":11},"r":{"a":0,"k":0,"ix":10},"p":{"a":1,"k":[{"i":{"x":0.667,"y":1},"o":{"x":0.167,"y":0.167},"n":"0p667_1_0p167_0p167","t":13,"s":[509.208,248.259,0],"e":[799.208,365.259,0],"to":[67.3333358764648,-60.5,0],"ti":[-29.3333339691162,-56.5,0]},{"t":29.0000011811942}],"ix":2},"a":{"a":0,"k":[12.411,7.722,0],"ix":1},"s":{"a":0,"k":[100,100,100],"ix":6}},"ao":0,"shapes":[{"ty":"gr","it":[{"ind":0,"ty":"sh","ix":1,"ks":{"a":0,"k":{"i":[[0,0],[-2.03,-5.87],[0,0]],"o":[[0,0],[2.03,5.87],[0,0]],"v":[[0,0.13],[7.56,4.65],[14.57,8.85]],"c":false},"ix":2},"nm":"パス 1","mn":"ADBE Vector Shape - Group","hd":false},{"ty":"st","c":{"a":0,"k":[0.686275005341,0.898038983345,0.964706003666,1],"ix":3},"o":{"a":0,"k":100,"ix":4},"w":{"a":0,"k":3.6,"ix":5},"lc":2,"lj":2,"nm":"線 1","mn":"ADBE Vector Graphic - Stroke","hd":false},{"ty":"tr","p":{"a":0,"k":[0,0],"ix":2},"a":{"a":0,"k":[0,0],"ix":1},"s":{"a":0,"k":[170.358,170.358],"ix":3},"r":{"a":0,"k":0,"ix":6},"o":{"a":0,"k":100,"ix":7},"sk":{"a":0,"k":0,"ix":4},"sa":{"a":0,"k":0,"ix":5},"nm":"トランスフォーム"}],"nm":"グループ 1","np":2,"cix":2,"ix":1,"mn":"ADBE Vector Group","hd":false}],"ip":13.0000005295009,"op":30.0000012219251,"st":0,"bm":0},{"ddd":0,"ind":12,"ty":4,"nm":"circle","sr":1,"ks":{"o":{"a":0,"k":100,"ix":11},"r":{"a":0,"k":0,"ix":10},"p":{"a":1,"k":[{"i":{"x":0.667,"y":1},"o":{"x":0.167,"y":0.167},"n":"0p667_1_0p167_0p167","t":13,"s":[454.402,88.886,0],"e":[547.402,22.886,0],"to":[-16.5,-49,0],"ti":[-17.5,-2,0]},{"t":26.0000010590017}],"ix":2},"a":{"a":0,"k":[11.917,11.908,0],"ix":1},"s":{"a":0,"k":[100,100,100],"ix":6}},"ao":0,"shapes":[{"ty":"gr","it":[{"ind":0,"ty":"sh","ix":1,"ks":{"a":0,"k":{"i":[[-3.86,0],[0,3.86],[3.87,0],[0,-3.86]],"o":[[3.87,0],[0,-3.86],[-3.86,0],[0,3.86]],"v":[[6.99,13.98],[13.99,6.99],[6.99,0],[0,6.99]],"c":true},"ix":2},"nm":"パス 1","mn":"ADBE Vector Shape - Group","hd":false},{"ty":"fl","c":{"a":0,"k":[0.686275005341,0.898038983345,0.964706003666,1],"ix":4},"o":{"a":0,"k":100,"ix":5},"r":1,"nm":"塗り 1","mn":"ADBE Vector Graphic - Fill","hd":false},{"ty":"tr","p":{"a":0,"k":[0,0],"ix":2},"a":{"a":0,"k":[0,0],"ix":1},"s":{"a":0,"k":[170.358,170.358],"ix":3},"r":{"a":0,"k":0,"ix":6},"o":{"a":0,"k":100,"ix":7},"sk":{"a":0,"k":0,"ix":4},"sa":{"a":0,"k":0,"ix":5},"nm":"トランスフォーム"}],"nm":"グループ 1","np":2,"cix":2,"ix":1,"mn":"ADBE Vector Group","hd":false}],"ip":13.0000005295009,"op":30.0000012219251,"st":0,"bm":0},{"ddd":0,"ind":13,"ty":4,"nm":"circle","sr":1,"ks":{"o":{"a":0,"k":100,"ix":11},"r":{"a":0,"k":0,"ix":10},"p":{"a":1,"k":[{"i":{"x":0.667,"y":1},"o":{"x":0.167,"y":0.167},"n":"0p667_1_0p167_0p167","t":13,"s":[573.053,172.327,0],"e":[832.053,206.327,0],"to":[56.1666679382324,-75.3333358764648,0],"ti":[-58.1666679382324,-35.6666679382324,0]},{"t":28.0000011404634}],"ix":2},"a":{"a":0,"k":[11.917,11.908,0],"ix":1},"s":{"a":0,"k":[100,100,100],"ix":6}},"ao":0,"shapes":[{"ty":"gr","it":[{"ind":0,"ty":"sh","ix":1,"ks":{"a":0,"k":{"i":[[-3.86,0],[0,3.86],[3.87,0],[0,-3.86]],"o":[[3.87,0],[0,-3.86],[-3.86,0],[0,3.86]],"v":[[6.99,13.98],[13.99,6.99],[6.99,0],[0,6.99]],"c":true},"ix":2},"nm":"パス 1","mn":"ADBE Vector Shape - Group","hd":false},{"ty":"fl","c":{"a":0,"k":[0.686275005341,0.898038983345,0.964706003666,1],"ix":4},"o":{"a":0,"k":100,"ix":5},"r":1,"nm":"塗り 1","mn":"ADBE Vector Graphic - Fill","hd":false},{"ty":"tr","p":{"a":0,"k":[0,0],"ix":2},"a":{"a":0,"k":[0,0],"ix":1},"s":{"a":0,"k":[170.358,170.358],"ix":3},"r":{"a":0,"k":0,"ix":6},"o":{"a":0,"k":100,"ix":7},"sk":{"a":0,"k":0,"ix":4},"sa":{"a":0,"k":0,"ix":5},"nm":"トランスフォーム"}],"nm":"グループ 1","np":2,"cix":2,"ix":1,"mn":"ADBE Vector Group","hd":false}],"ip":13.0000005295009,"op":30.0000012219251,"st":0,"bm":0},{"ddd":0,"ind":14,"ty":4,"nm":"circle","sr":1,"ks":{"o":{"a":0,"k":100,"ix":11},"r":{"a":0,"k":0,"ix":10},"p":{"a":1,"k":[{"i":{"x":0.667,"y":1},"o":{"x":0.167,"y":0.167},"n":"0p667_1_0p167_0p167","t":13,"s":[282.083,133.184,0],"e":[38.083,48.184,0],"to":[-19.6666660308838,-101.166664123535,0],"ti":[41.6666679382324,-22.8333339691162,0]},{"t":25.0000010182709}],"ix":2},"a":{"a":0,"k":[11.917,11.908,0],"ix":1},"s":{"a":0,"k":[100,100,100],"ix":6}},"ao":0,"shapes":[{"ty":"gr","it":[{"ind":0,"ty":"sh","ix":1,"ks":{"a":0,"k":{"i":[[-3.86,0],[0,3.86],[3.87,0],[0,-3.86]],"o":[[3.87,0],[0,-3.86],[-3.86,0],[0,3.86]],"v":[[6.99,13.98],[13.99,6.99],[6.99,0],[0,6.99]],"c":true},"ix":2},"nm":"パス 1","mn":"ADBE Vector Shape - Group","hd":false},{"ty":"fl","c":{"a":0,"k":[0.686275005341,0.898038983345,0.964706003666,1],"ix":4},"o":{"a":0,"k":100,"ix":5},"r":1,"nm":"塗り 1","mn":"ADBE Vector Graphic - Fill","hd":false},{"ty":"tr","p":{"a":0,"k":[0,0],"ix":2},"a":{"a":0,"k":[0,0],"ix":1},"s":{"a":0,"k":[170.358,170.358],"ix":3},"r":{"a":0,"k":0,"ix":6},"o":{"a":0,"k":100,"ix":7},"sk":{"a":0,"k":0,"ix":4},"sa":{"a":0,"k":0,"ix":5},"nm":"トランスフォーム"}],"nm":"グループ 1","np":2,"cix":2,"ix":1,"mn":"ADBE Vector Group","hd":false}],"ip":13.0000005295009,"op":30.0000012219251,"st":0,"bm":0}],"markers":[]}