﻿<?xml version="1.0" encoding="utf-8"?>
<selector xmlns:android="http://schemas.android.com/apk/res/android">
	<item android:state_focused="true">
		<layer-list>
			<item>
				<shape android:shape="rectangle">
					<corners android:radius="10dp" />
					<stroke android:width="1dp" android:color="@color/accent" />
					<solid android:color="?attr/colorBubble" />
					<padding android:bottom="10dp" android:left="10dp" android:right="10dp" android:top="10dp" />
				</shape>
			</item>
		</layer-list>
	</item>

	<item android:state_enabled="false">
		<layer-list>
			<item>
				<shape android:shape="rectangle">
					<solid android:color="?attr/colorBubble" />
					<stroke android:width="1dp" android:color="@color/accent" />
					<corners android:radius="10dp" />
					<padding android:bottom="10dp" android:left="10dp" android:right="10dp" android:top="10dp" />
				</shape>
			</item>
		</layer-list>
	</item>

	<item>
		<layer-list>
			<item>
				<shape android:shape="rectangle">
					<solid android:color="?attr/colorBubble" />
					<corners android:radius="10dp" />
					<padding android:bottom="10dp" android:left="10dp" android:right="10dp" android:top="10dp" />
				</shape>
			</item>
		</layer-list>
	</item>
</selector>
